Date,Day #,Morning Declaration (Y/N),Urges Resisted,Urge Intensity (avg 1-10),Replacement Actions Taken,Money Saved ($),Accountability Ping (Y/N),Bee Conversations Captured,Boss Battle Day (Y/N),GK Points Earned,Cumulative Points,GK Level,Notes
2026-03-30,1,,,,,,,,,,0,Recruit,
2026-03-31,2,,,,,,,,,,0,Recruit,
2026-04-01,3,,,,,,,,,,0,Recruit,
2026-04-02,4,,,,,,,,,,0,Recruit,
2026-04-03,5,,,,,,,,,,0,Recruit,
2026-04-04,6,,,,,,,,,,0,Recruit,
2026-04-05,7,,,,,,,,,,0,Recruit,
2026-04-06,8,,,,,,,,,,0,Recruit,
2026-04-07,9,,,,,,,,,,0,Recruit,
2026-04-08,10,,,,,,,,,,0,Recruit,
2026-04-09,11,,,,,,,,,,0,Recruit,
2026-04-10,12,,,,,,,,,,0,Recruit,
2026-04-11,13,,,,,,,,,,0,Recruit,
2026-04-12,14,,,,,,,,,,0,Recruit,
2026-04-13,15,,,,,,,,,,0,Recruit,
2026-04-14,16,,,,,,,,,,0,Recruit,
2026-04-15,17,,,,,,,,,,0,Recruit,
2026-04-16,18,,,,,,,,,,0,Recruit,
2026-04-17,19,,,,,,,,,,0,Recruit,
2026-04-18,20,,,,,,,,,,0,Recruit,
2026-04-19,21,,,,,,,,,,0,Recruit,
2026-04-20,22,,,,,,,,,,0,Recruit,
2026-04-21,23,,,,,,,,,,0,Recruit,
2026-04-22,24,,,,,,,,,,0,Recruit,
2026-04-23,25,,,,,,,,,,0,Recruit,
2026-04-24,26,,,,,,,,,,0,Recruit,
2026-04-25,27,,,,,,,,,,0,Recruit,
2026-04-26,28,,,,,,,,,,0,Recruit,
2026-04-27,29,,,,,,,,,,0,Recruit,
2026-04-28,30,,,,,,,,,,0,Recruit,
